name,current_is1_pool,item_kind,classification_reason,official_rarity,game_rarity,game_value,demand_multiplier,grid_size,size_review,is,theme,order_id,is1_order_id,effect,game_effect,description,unlock,apex_rank,apex_selected,enabled,notes,relic_id,local_icon
乌萨斯列巴,是,收集品,携带/编队（当前系统无对应）,NORMAL,普通,1100,1.45x,1x1,是,IS2,傀影与猩红孤钻,079,1,可携带干员+1,,一种来自乌萨斯的食物，吃起来有一股子浓烈的发酵味儿。就是酸。,,,否,是,,rogue_1_relic_a35,../../Assets/_Game/Resources/RogueRelics/Icons/rogue_1/rogue_1_relic_a35.png
脱水仙人掌干,是,收集品,携带/编队（当前系统无对应）,NORMAL,普通,1600,1.45x,1x1,是,IS1,刻俄柏的灰蕈迷境,2,2,可携带干员+1,,这种干缩的奇怪植物看起来并不好吃，而玻利瓦尔人则拿它来泡水喝。,,,否,是,,relic_2,
风干大蕉果,是,收集品,携带/编队（当前系统无对应）,NORMAL,普通,1600,1.45x,1x1,否,IS1,刻俄柏的灰蕈迷境,3,3,可携带干员+1,,蕉兰果是一种生长在干旱地区的水果，口味极佳，风干后更容易保存。,在一次【源石虫赛跑】事件中，连续下注不小于10次,,否,是,,relic_3,
商队盒饭,是,收集品,携带/编队（当前系统无对应）,RARE,稀有,4400,1.60x,2x1,否,IS1,刻俄柏的灰蕈迷境,4,4,可携带干员+2,,哥伦比亚城际商队内部发放的方便食品，油炸，热量很高，味道很好，不太健康。,在多局游戏中累计招募总共50名干员（初始不计算）,,否,是,,relic_4,
半盒沙虫罐头,是,收集品,携带/编队（当前系统无对应）,RARE,稀有,4300,1.60x,2x1,否,IS1,刻俄柏的灰蕈迷境,5,5,可携带干员+2,,“切碎的沙虫用橄榄油浸泡，散发着自然的清香！”广告是这么说的，别当真。恶......,,,否,是,,relic_5,
维多利亚军粮,是,收集品,携带/编队（当前系统无对应）,SUPER_RARE,珍贵,8100,1.80x,1x1,是,IS1,刻俄柏的灰蕈迷境,6,6,可携带干员+3,,前维多利亚士官这么描述：“量大管饱，难以下咽，吃不死人。”,,,否,是,,relic_6,
废旧地图,是,收集品,部署系统（当前系统无对应）,NORMAL,普通,1800,1.45x,2x1,否,IS1,刻俄柏的灰蕈迷境,7,7,可同时部署人数+1,,一张破旧发黄的地图，描绘了附近的地理面貌，可能有错误的记述和忘了标的悬崖。,,,否,是,,relic_7,
单筒望远镜,是,收集品,部署系统（当前系统无对应）,NORMAL,普通,1800,1.45x,1x2,否,IS1,刻俄柏的灰蕈迷境,8,8,可同时部署人数+1,,用黄铜装饰的，充满中古风味的单筒望远镜，其实看不了多远。,,,否,是,,relic_8,
全息粉粉沙盒,是,收集品,部署系统（当前系统无对应）,RARE,稀有,5400,1.60x,2x2,否,IS1,刻俄柏的灰蕈迷境,9,9,可同时部署人数+2,,一套奇怪的全息投影地形沙盒模拟装置，不知为什么，有关生物的投影都是粉色的。别碰盒顶那颗眼睛。,,,否,是,,relic_9,
单人睡袋,是,收集品,希望（当前系统无对应）,NORMAL,普通,1600,1.45x,1x1,是,IS1,刻俄柏的灰蕈迷境,10,10,希望+4,,供给单人使用的睡袋，硬挤一挤姑且能睡下两个人。别这么做。,,,否,是,,relic_10,
破烂帐篷,是,收集品,希望（当前系统无对应）,NORMAL,普通,2300,1.45x,2x2,否,IS1,刻俄柏的灰蕈迷境,11,11,希望+4,,用木棍和篷布搭建的帐篷，感觉风一刮就会塌掉。材料都是现找的。,,,否,是,,relic_11,
萨米大“蜡烛”,是,收集品,希望（当前系统无对应）,NORMAL,普通,1600,1.45x,1x1,是,IS1,刻俄柏的灰蕈迷境,12,12,希望+4,,找一块原木，锯四条沟，你就获得了这个实用的临时营火。只有萨米人才叫这玩意“蜡烛”。,在多局游戏中累计招募总共20名干员（初始不计算）,,否,是,,relic_12,
兔子棚屋,是,收集品,希望（当前系统无对应）,RARE,稀有,3900,1.60x,1x1,否,IS1,刻俄柏的灰蕈迷境,13,13,希望+6,,用废旧工业材料快速搭建的雷姆必拓棚屋，遮风挡雨还是做得到，但卡特斯人的风格过于明显了些。,,,否,是,,relic_13,
噪音引擎,是,收集品,希望（当前系统无对应）,SUPER_RARE,珍贵,11700,1.80x,2x2,否,IS1,刻俄柏的灰蕈迷境,14,14,希望+8,,哥伦比亚最新工业产品，在中小型城镇的移动拖车上非常常见，性价比很高。噪音很大。也太大了点。,,,否,是,,relic_14,
豌豆花盆,是,收集品,携带/编队（当前系统无对应）,NORMAL,普通,2300,1.45x,2x2,否,IS1,刻俄柏的灰蕈迷境,15,15,希望+2，可携带干员+1,,造型古怪的哥伦比亚后院豌豆盆栽，既能装点室内又能收获作物，说不定还有其他功效。,在多局游戏中累计获得50希望,,否,是,,relic_15,
综合园艺成果,是,收集品,希望（当前系统无对应）,NORMAL,普通,2300,1.45x,2x2,否,IS1,刻俄柏的灰蕈迷境,16,16,希望+2，可同时部署人数+1,,原本可能是一盆放在公共区域的普通盆栽，经由调香师、铃兰、炎客等多位干员之手后，开始变得复杂起来。,在多局游戏中累计获得150希望,,否,是,,relic_16,
炭化烤肉棒,是,收集品,携带/编队（当前系统无对应）,RARE,稀有,3900,1.60x,1x1,否,IS1,刻俄柏的灰蕈迷境,17,17,希望+4，可携带干员+1,,因为某人糟糕的厨艺而被烤到整个焦黑的大块带骨肉，足以成为凶器。,,,否,是,,relic_17,
压缩糖砖,是,收集品,携带/编队（当前系统无对应）,RARE,稀有,3900,1.60x,1x1,否,IS1,刻俄柏的灰蕈迷境,18,18,希望+4，可携带干员+1,,这种压缩食品的制作工艺不明，坚硬无比，甚至可以砌墙。比普通的烹饪失败产物更具杀伤力。,,,否,是,,relic_18,
易爆建材箱,是,收集品,希望（当前系统无对应）,RARE,稀有,4400,1.60x,2x1,否,IS1,刻俄柏的灰蕈迷境,19,19,希望+4，可同时部署人数+1,,罗德岛的便携型基础建材包，数量有限，弄丢了需要重新申请配发。请按说明书组装，否则热量包可能会爆炸。,剩余不小于8点希望时完成游戏结局,,否,是,,relic_19,
珠宝水果拼盘,是,收集品,携带/编队（当前系统无对应）,SUPER_RARE,珍贵,9700,1.80x,2x1,否,IS1,刻俄柏的灰蕈迷境,20,20,希望+6，可携带干员+2,,萨尔贡的王储候选数量较多，这使得各个城邦每年的进贡都大有说法。不光是说站队的问题，宴会太密集也是麻烦。,拥有不小于60点以上希望上限时完成游戏结局,,否,是,,relic_20,
赤金的远征,是,收集品,携带/编队（当前系统无对应）,SUPER_RARE,珍贵,7000,1.80x,1x1,是,IS7,沉沦者的黑流树海,022,21,希望+4，可携带干员+1，可同时部署人数+1,,君王自荒地出发，集市在她的裙下如春芽萌发，财富之路连通高山密林，直到她消失在西方浪涛的边崖。——萨尔贡古老童话,在多局游戏中累计获得150希望,,否,是,,rogue_6_relic_legacy_44,../../Assets/_Game/Resources/RogueRelics/Icons/rogue_6/rogue_6_relic_legacy_44.png
古旧钱币,是,收集品,局内货币（改为卖钱物）,NORMAL,普通,1400,1.45x,1x1,是,IS6,岁的界园志异,031,22,立即获得源石锭+10,,生锈的古代钱币，已经无法辨认年代，这东西在泰拉荒地上随处可见。,,,否,是,,rogue_5_relic_legacy_110,../../Assets/_Game/Resources/RogueRelics/Icons/rogue_5/rogue_5_relic_legacy_110.png
恐魔金像,是,收集品,局内货币（改为卖钱物）,RARE,珍贵,8000,1.80x,1x1,是,IS1,刻俄柏的灰蕈迷境,23,23,立即获得源石锭+18,,曾经被哥伦比亚黑心矿业公司与萨尔贡本地反抗军争抢的神秘金像。造型有些怪异。,,,否,是,,relic_23,
血钻,是,收集品,局内货币（改为卖钱物）,SUPER_RARE,绝世,13400,2.00x,1x1,否,IS1,刻俄柏的灰蕈迷境,24,24,立即获得源石锭+25,,带有瑰丽血色光泽的昂贵宝石，产地在玻利瓦尔。背后充斥着残忍与不堪的往事。,,13,否,是,,relic_24,
小财神雕像,是,收集品,局内货币（改为卖钱物）,SUPER_RARE,绝世,27500,2.00x,2x2,否,IS1,刻俄柏的灰蕈迷境,25,25,战斗掉落的源石锭+50%,,不要再擅自把其他干员的照片贴上去了。,剩余不小于50源石锭时完成游戏结局,2,否,是,,relic_25,
“嘎呜”挂饰,是,收集品,局内货币（改为卖钱物）,RARE,珍贵,9300,1.80x,1x1,是,IS1,刻俄柏的灰蕈迷境,26,26,战斗掉落的源石锭+30%,,少数不务正业的近卫局成员间流传的护身符，据说可以让奖金翻番。,剩余不小于15源石锭时完成游戏结局,,否,是,,relic_26,
米格鲁的饼干,是,收集品,希望（当前系统无对应）,NORMAL,普通,1600,1.45x,1x1,是,IS1,刻俄柏的灰蕈迷境,27,27,立即进阶一个干员（不消耗希望）,,你偷吃她饼干！,,,否,是,,relic_27,
一杯红茶,是,收集品,希望（当前系统无对应）,RARE,稀有,3700,1.60x,1x1,是,IS1,刻俄柏的灰蕈迷境,28,28,立即进阶两个干员（不消耗希望）,,锡兰小姐的手艺颇受欢迎，训练结束后来一顿精致的下午茶也不是不可以。,在多局游戏中累计进阶总共10名干员（初始不计算）,,否,是,,relic_28,
古旧铸物,是,收集品,希望（当前系统无对应）,SUPER_RARE,珍贵,6800,1.80x,1x1,是,IS6,岁的界园志异,166,29,立即进阶三个干员（不消耗希望）,,“天有洪炉，地生五金”......虽然可以用来成就各种事业，却没人知道具体原理。,在多局游戏中累计进阶总共35名干员,,否,是,,rogue_5_relic_legacy_11,../../Assets/_Game/Resources/RogueRelics/Icons/rogue_5/rogue_5_relic_legacy_11.png
地区行动方案,是,收集品,希望（当前系统无对应）,RARE,稀有,2900,1.60x,1x1,是,IS4,探索者的银凇止境,015,30,招募4星干员的希望消耗-2,,罗德岛在各个重要的枢纽区域都设有专门的办事处。信使们努力在这片大地上勉强织了一张易碎的网。,,,否,是,,rogue_3_relic_legacy_54,../../Assets/_Game/Resources/RogueRelics/Icons/rogue_3/rogue_3_relic_legacy_54.png
全局作战文件,是,收集品,希望（当前系统无对应）,RARE,稀有,3400,1.60x,2x1,否,IS4,探索者的银凇止境,016,31,招募5星干员的希望消耗-2,,陆上行舟，如履薄冰。记得要培养自己的大局观。,,,否,是,,rogue_3_relic_legacy_55,../../Assets/_Game/Resources/RogueRelics/Icons/rogue_3/rogue_3_relic_legacy_55.png
人事部密信,是,收集品,希望（当前系统无对应）,SUPER_RARE,珍贵,5800,1.80x,1x1,是,IS5,萨卡兹的无终奇语,203,32,招募6星干员的希望消耗-2，招募时有概率出现全部随机直升的6星干员,,“■■■给你的？哦那没事了。”,,,否,是,,rogue_4_relic_legacy_187,../../Assets/_Game/Resources/RogueRelics/Icons/rogue_4/rogue_4_relic_legacy_187.png
一份演讲稿,是,收集品,希望（当前系统无对应）,SUPER_RARE,珍贵,6400,1.80x,1x1,是,IS4,探索者的银凇止境,188,33,招募所有干员的希望消耗-2,,她有点紧张，有点担心，却一直都很坚定。话筒打开时，她两只长长的耳朵稍稍晃动了一下。,在多局游戏中累计招募总共100名干员,,否,是,,rogue_3_relic_legacy_57,../../Assets/_Game/Resources/RogueRelics/Icons/rogue_3/rogue_3_relic_legacy_57.png
突击协议扩充,是,收集品,招募/进阶（当前系统无对应）,NORMAL,普通,900,1.45x,1x1,是,IS2,傀影与猩红孤钻,037,34,商店和战斗掉落的先锋招募券都被升级成高级人事调度函,,单一的干员组成难以在前线战斗中取得优势，通过协议补充战力也是有效的手段。,携带不小于4名先锋干员胜利一场战斗,,否,是,,rogue_1_relic_r37,../../Assets/_Game/Resources/RogueRelics/Icons/rogue_1/rogue_1_relic_r37.png
突击协议增援,是,收集品,招募/进阶（当前系统无对应）,NORMAL,普通,1000,1.45x,1x1,是,IS2,傀影与猩红孤钻,038,35,商店和战斗掉落的近卫招募券都被升级成高级人事调度函,,单一的干员组成难以在前线战斗中取得优势，通过协议补充战力也是有效的手段。,携带不小于4名近卫干员胜利一场战斗,,否,是,,rogue_1_relic_r38,../../Assets/_Game/Resources/RogueRelics/Icons/rogue_1/rogue_1_relic_r38.png
堡垒协议扩充,是,收集品,招募/进阶（当前系统无对应）,NORMAL,普通,900,1.45x,1x1,是,IS2,傀影与猩红孤钻,039,36,商店和战斗掉落的重装招募券都被升级成高级人事调度函,,单一的干员组成难以在前线战斗中取得优势，通过协议补充战力也是有效的手段。,携带不小于4名重装干员胜利一场战斗,,否,是,,rogue_1_relic_r39,../../Assets/_Game/Resources/RogueRelics/Icons/rogue_1/rogue_1_relic_r39.png
堡垒协议增援,是,收集品,招募/进阶（当前系统无对应）,NORMAL,普通,1000,1.45x,1x1,是,IS2,傀影与猩红孤钻,040,37,商店和战斗掉落的辅助招募券都被升级成高级人事调度函,,单一的干员组成难以在前线战斗中取得优势，通过协议补充战力也是有效的手段。,携带不小于4名辅助干员胜利一场战斗,,否,是,,rogue_1_relic_r40,../../Assets/_Game/Resources/RogueRelics/Icons/rogue_1/rogue_1_relic_r40.png
远程协议扩充,是,收集品,招募/进阶（当前系统无对应）,NORMAL,普通,1000,1.45x,1x1,是,IS2,傀影与猩红孤钻,041,38,商店和战斗掉落的医疗招募券都被升级成高级人事调度函,,单一的干员组成难以在前线战斗中取得优势，通过协议补充战力也是有效的手段。,携带不小于3名医疗干员胜利一场战斗,,否,是,,rogue_1_relic_r41,../../Assets/_Game/Resources/RogueRelics/Icons/rogue_1/rogue_1_relic_r41.png
远程协议增援,是,收集品,招募/进阶（当前系统无对应）,NORMAL,普通,900,1.45x,1x1,是,IS2,傀影与猩红孤钻,042,39,商店和战斗掉落的狙击招募券都被升级成高级人事调度函,,单一的干员组成难以在前线战斗中取得优势，通过协议补充战力也是有效的手段。,携带不小于4名狙击干员胜利一场战斗,,否,是,,rogue_1_relic_r42,../../Assets/_Game/Resources/RogueRelics/Icons/rogue_1/rogue_1_relic_r42.png
破坏协议扩充,是,收集品,招募/进阶（当前系统无对应）,NORMAL,普通,1000,1.45x,1x1,是,IS2,傀影与猩红孤钻,043,40,商店和战斗掉落的术师招募券都被升级成高级人事调度函,,单一的干员组成难以在前线战斗中取得优势，通过协议补充战力也是有效的手段。,携带不小于4名术师干员胜利一场战斗,,否,是,,rogue_1_relic_r43,../../Assets/_Game/Resources/RogueRelics/Icons/rogue_1/rogue_1_relic_r43.png
破坏协议增援,是,收集品,招募/进阶（当前系统无对应）,NORMAL,普通,1000,1.45x,1x1,是,IS2,傀影与猩红孤钻,044,41,商店和战斗掉落的特种招募券都被升级成高级人事调度函,,单一的干员组成难以在前线战斗中取得优势，通过协议补充战力也是有效的手段。,携带不小于4名特种干员胜利一场战斗,,否,是,,rogue_1_relic_r44,../../Assets/_Game/Resources/RogueRelics/Icons/rogue_1/rogue_1_relic_r44.png
熏黑的信号灯,是,收集品,招募/进阶（当前系统无对应）,NORMAL,稀有,3900,1.60x,1x1,是,IS1,刻俄柏的灰蕈迷境,42,42,战斗后有15%的几率额外掉落一张招募券（不叠加）,,这是大部分雷姆必拓工人在荒野的夜色中传递信息的唯一方式。,,,否,是,,relic_42,
老式电报机,是,收集品,招募/进阶（当前系统无对应）,RARE,珍贵,12400,1.80x,2x2,否,IS1,刻俄柏的灰蕈迷境,43,43,战斗后有25%的几率额外掉落一张招募券（不叠加）,,一台老式电报机，全套设备体积庞大且笨重。,,,否,是,,relic_43,
无线通讯器,是,收集品,招募/进阶（当前系统无对应）,SUPER_RARE,绝世,23000,2.00x,2x2,否,IS1,刻俄柏的灰蕈迷境,44,44,战斗后有35%的几率额外掉落一张招募券（不叠加）,,通过源石供能的野外远程通讯装置，侦察干员提醒，这类设备造价昂贵，工艺繁复，请爱护。,,23,否,是,,relic_44,
幸运硬币,是,收集品,战斗节点流程（当前系统无对应）,RARE,稀有,2500,1.60x,1x1,否,IS5,萨卡兹的无终奇语,024,45,每进入一个非战斗节点，源石锭+2,,在罗德岛捡到的硬币，捡到一枚就能捡到很多枚。,,,否,是,,rogue_4_relic_legacy_176,../../Assets/_Game/Resources/RogueRelics/Icons/rogue_4/rogue_4_relic_legacy_176.png
手绘雪雉传单,是,收集品,战斗节点流程（当前系统无对应）,RARE,稀有,3800,1.60x,1x1,是,IS1,刻俄柏的灰蕈迷境,46,46,每进入一个非战斗节点，获得源石锭+3,,能不能有谁来请她吃顿饭？她饿了两天了。我说你直接去食堂就好了又不会不发口粮给你......,在多局游戏中累计进入100次非战斗格,,否,是,,relic_46,
真理的书单,是,收集品,无可直接映射的现有战斗效果,NORMAL,稀有,4600,1.60x,2x1,否,IS1,刻俄柏的灰蕈迷境,47,47,战斗获得的经验值+20%,,只是真理罗列的书。没法让你了解什么深奥的知识，但也许能教会你怎么做她喜欢吃的点心。,在多局游戏中累计胜利10场战斗,,否,是,,relic_47,
教官的爱鞭,是,收集品,无可直接映射的现有战斗效果,RARE,珍贵,9200,1.80x,1x1,是,IS1,刻俄柏的灰蕈迷境,48,48,战斗获得的经验值+30%,,罗德岛的教官们一定都要用这种武器吗？！,在多局游戏中累计胜利50场战斗,,否,是,,relic_48,
咪波·运输型,是,收集品,部署系统（当前系统无对应）,NORMAL,普通,1700,1.45x,1x1,是,IS1,刻俄柏的灰蕈迷境,49,49,初始部署费用+10,,“大咪波碑”上挤满了它同胞的代号。它没有悲喜。它只想工作。,,,否,是,,relic_49,
萨卡兹监工哨子,是,收集品,部署系统（当前系统无对应）,RARE,珍贵,7800,1.80x,1x1,否,IS1,刻俄柏的灰蕈迷境,50,50,初始部署费用+20,,被某个萨卡兹佣兵偷走的哨子，原本属于一个萨卡兹工头。他们自己吹的时候也要捂上耳朵。,,,否,是,,relic_50,
忧伤的驮兽,是,收集品,部署系统（当前系统无对应）,SUPER_RARE,珍贵,8900,1.80x,1x1,是,IS1,刻俄柏的灰蕈迷境,51,51,初始部署费用+30,,你看到了一头忧伤的驮兽，不知为何，你也忧伤了起来。,通过第二层【蜜饼山脉】,,否,是,,relic_51,
奇怪的$墨镜,是,收集品,局内货币（改为卖钱物）,RARE,珍贵,9500,1.80x,1x1,是,IS1,刻俄柏的灰蕈迷境,52,52,商店中购买道具所需源石锭-50%,,戴上它，你会感到整个哥伦比亚音乐界的资本都在为你旋转。,在多局游戏中累计在商店消费200源石锭,,否,是,,relic_52,
破片地雷,是,收集品,目标生命资源（当前系统无对应）,RARE,稀有,3800,1.60x,1x1,是,IS1,刻俄柏的灰蕈迷境,53,53,每场战斗获得1点临时目标生命值,,罗德岛上埋设好的破片地雷有两种既定作用，具体是哪种取决于设置它的人是谁。不·准·在·走·道·上·架·设·爆·炸·物。,在多局游戏中累计损失50点目标生命,,否,是,,relic_53,
《防身手册》,是,收集品,目标生命资源（当前系统无对应）,RARE,稀有,4300,1.60x,2x1,否,IS1,刻俄柏的灰蕈迷境,54,54,每场战斗获得2点临时目标生命值,,全名是《拉特兰周边他国城邦及中间地带出行防身手册》，看的来，学不来。,在多局游戏中累计损失125点目标生命,,否,是,,relic_54,
芙蓉的健康餐,是,收集品,敌人属性效果当前未接入（生命值除外）,NORMAL,普通,1700,1.45x,1x1,是,IS1,刻俄柏的灰蕈迷境,55,55,所有敌方单位的攻击力-7%,,身体健康但是心理不太健康，只吃这样的东西就没心思作战了。,,,否,是,,relic_55,
牧兽的排泄物,是,收集品,敌人属性效果当前未接入（生命值除外）,NORMAL,普通,1700,1.45x,1x1,是,IS1,刻俄柏的灰蕈迷境,56,56,所有敌方单位的攻击力-9%,,这种东西可以削减敌人的士气。救命……,选择【指挥分队】完成游戏结局,,否,是,,relic_56,
奇渊面具,是,收集品,敌人属性效果当前未接入（生命值除外）,RARE,稀有,3200,1.60x,1x1,是,IS5,萨卡兹的无终奇语,068,57,所有敌方单位的攻击力-12%,,不属于所知的任何一个文化的古怪面具，会让人丧失战意......并不自觉地陷入长久的沉思。,,,否,是,,rogue_4_relic_legacy_60,../../Assets/_Game/Resources/RogueRelics/Icons/rogue_4/rogue_4_relic_legacy_60.png
教母的信物,是,收集品,敌人属性效果当前未接入（生命值除外）,SUPER_RARE,珍贵,7300,1.80x,1x1,是,IS6,岁的界园志异,256,58,所有敌方单位的攻击力-17%,,骨质的桂冠，西西里夫人的信物。秩序的象征将铲平起伏的欲望，斗争不被允许。无论真假，跪下。,,,否,是,,rogue_5_relic_return_12,../../Assets/_Game/Resources/RogueRelics/Icons/rogue_5/rogue_5_relic_return_12.png
锉刀,是,收集品,敌人属性效果当前未接入（生命值除外）,NORMAL,普通,2000,1.45x,1x2,否,IS1,刻俄柏的灰蕈迷境,59,59,所有敌方单位的防御力-12%,,偷偷把敌人的装备撬松。,,,否,是,,relic_59,
废铁陷阱,是,收集品,敌人属性效果当前未接入（生命值除外）,NORMAL,稀有,3900,1.60x,1x1,是,IS1,刻俄柏的灰蕈迷境,60,60,所有敌方单位的防御力-15%,,泰拉荒野上名为“锈锤”的暴力组织经常使用的陷阱。“我们杀人，也杀动物。”,选择【集群分队】完成游戏结局,,否,是,,relic_60,
酸液源石虫,是,收集品,敌人属性效果当前未接入（生命值除外）,RARE,珍贵,8500,1.80x,1x1,是,IS1,刻俄柏的灰蕈迷境,61,61,所有敌方单位的防御力-21%,,战场冷知识：体型较小或幼年期的酸液源石虫可以用作杀伤性投掷物。不要......！,,,否,是,,relic_61,
迷迭香之拥,是,收集品,敌人属性效果当前未接入（生命值除外）,SUPER_RARE,珍贵,8600,1.80x,1x1,是,IS7,沉沦者的黑流树海,075,62,所有敌方单位的生命-15%，防御力-30%,,“谁来审判？”,,,否,是,,rogue_6_relic_legacy_86,../../Assets/_Game/Resources/RogueRelics/Icons/rogue_6/rogue_6_relic_legacy_86.png
无名诗集,是,收集品,无可直接映射的现有战斗效果,NORMAL,普通,1800,1.45x,1x1,否,IS1,刻俄柏的灰蕈迷境,63,63,所有敌方单位的生命-10%,,“酒杯的碎屑在我皮肉里欢唱，鲜血自指缝间攀上脊索。饮下尖锐的晶莹光彩，脏腑随之璨烂流落。”,,,否,是,,relic_63,
劣化组织,是,收集品,无可直接映射的现有战斗效果,NORMAL,普通,1800,1.45x,1x1,是,IS1,刻俄柏的灰蕈迷境,64,64,所有敌方单位的生命-12%,,在萨米以北的无尽冰原中找寻到的，十分古老的质密结缔组织。此项目立刻终止。立刻。,选择【后勤分队】完成游戏结局,,否,是,,relic_64,
“黑夜呢喃”,是,收集品,无可直接映射的现有战斗效果,RARE,稀有,3300,1.60x,1x1,是,IS7,沉沦者的黑流树海,076,65,所有敌方单位的生命-15%,,一张黑色唱片。不。准。碰。它。,,,否,是,,rogue_6_relic_legacy_87,../../Assets/_Game/Resources/RogueRelics/Icons/rogue_6/rogue_6_relic_legacy_87.png
《大静谧》,是,收集品,无可直接映射的现有战斗效果,SUPER_RARE,珍贵,8800,1.80x,2x1,否,IS7,沉沦者的黑流树海,077,66,所有敌方单位的生命-30%,,描绘伊比利亚史上最大灾难的画作，笔触毫无意义，色彩毫无意义，意象毫无意义。“阿戈尔知道，阿戈尔知道，阿戈尔知道。”,,,否,是,,rogue_6_relic_legacy_88,../../Assets/_Game/Resources/RogueRelics/Icons/rogue_6/rogue_6_relic_legacy_88.png
小号黄色安全帽,是,收集品,战斗效果当前未接入，避免新增系统,NORMAL,稀有,3900,1.60x,1x1,是,IS1,刻俄柏的灰蕈迷境,67,67,所有我方单位的防御力+15%,,这个黄色的聚合物安全帽在后脑勺处写着“安全生产”的字样。是给后面的人看的......？,,,否,是,,relic_67,
战壕沙袋,是,收集品,战斗效果当前未接入，避免新增系统,NORMAL,稀有,4000,1.60x,1x1,是,IS1,刻俄柏的灰蕈迷境,68,68,所有我方单位的防御力+18%,,能够快速搭建起临时的防御工事。只是临时的。,选择【矛头分队】完成游戏结局,,否,是,,relic_68,
防割断纤维背心,是,收集品,战斗效果当前未接入，避免新增系统,RARE,珍贵,8800,1.80x,1x1,是,IS1,刻俄柏的灰蕈迷境,69,69,所有我方单位的防御力+25%,,维多利亚骑警配发的基本防具，很重。不知为什么，讯使说他在谢拉格似乎也见过类似的装备......,,,否,是,,relic_69,
古旧的蒸汽甲胄,是,收集品,战斗效果当前未接入，避免新增系统,SUPER_RARE,珍贵,9000,1.80x,1x1,是,IS7,沉沦者的黑流树海,049,70,所有我方单位的防御力+50%,,哪怕是这种旧型号的蒸汽甲胄，也仿佛承载着维多利亚君主们照耀着半片大地的荣耀辉光。,选择【地面突破分队】完成游戏结局,,否,是,,rogue_6_relic_legacy_14,../../Assets/_Game/Resources/RogueRelics/Icons/rogue_6/rogue_6_relic_legacy_14.png
《打架手册》,是,藏品,现有战斗系统可映射：攻击力→输出伤害,NORMAL,稀有,4700,1.00x,2x1,否,IS1,刻俄柏的灰蕈迷境,71,71,所有我方近战单位的攻击力+15%,所有我方近战单位的攻击力+15%,记载了大量乌萨斯人的战吼，非常有气势。,,,否,是,,relic_71,
《独臂电锯》,是,藏品,现有战斗系统可映射：攻击力→输出伤害,NORMAL,稀有,4200,1.00x,1x1,是,IS1,刻俄柏的灰蕈迷境,72,72,所有我方近战单位的攻击力+18%,所有我方近战单位的攻击力+18%,一本炎国武侠小说，讲述了独臂电锯客的复仇故事。似乎有十几部后续作品。,在源石锭恰好等于0时通过第三层【千条道路】,,否,是,,relic_72,
齿轮式外骨骼,是,藏品,现有战斗系统可映射：攻击力→输出伤害,RARE,珍贵,13300,1.00x,2x2,否,IS1,刻俄柏的灰蕈迷境,73,73,所有我方近战单位的攻击力+25%,所有我方近战单位的攻击力+25%,这种工业助力外骨骼装置可以让装备者省时省力干活……或者干点其他什么事情。他们没考虑过动力的事吗？,,,否,是,,relic_73,
锈蚀银枪,是,藏品,现有战斗系统可映射：攻击力→输出伤害,SUPER_RARE,绝世,20400,1.00x,1x2,否,IS1,刻俄柏的灰蕈迷境,74,74,所有我方近战单位的攻击力+35%,所有我方近战单位的攻击力+35%,枪能刺穿群峦与湖泊，奔踏的响动能让浮云流散。烟火与广告让所有人都忘记了，他们依然还在。他们现身。,,,否,是,,relic_74,
液压气瓶,是,藏品,现有战斗系统可映射：攻击力→输出伤害,NORMAL,稀有,4700,1.00x,1x2,否,IS1,刻俄柏的灰蕈迷境,75,75,所有我方远程单位的攻击力+15%,所有我方远程单位的攻击力+15%,压缩了惰性气体的压力容器。一定要注意压力计的读数是否正常。,,,否,是,,relic_75,
超弹力合金弹簧,是,藏品,现有战斗系统可映射：攻击力→输出伤害,NORMAL,稀有,4200,1.00x,1x1,是,IS1,刻俄柏的灰蕈迷境,76,76,所有我方远程单位的攻击力+18%,所有我方远程单位的攻击力+18%,有着一般弹簧数倍弹力的高质量弹簧，不论是用在哪，小心，别伤到自己。,在不损失目标生命的情况下胜利战斗【锈锤之战】,,否,是,,relic_76,
损坏的左轮弹巢,是,藏品,现有战斗系统可映射：攻击力→输出伤害,SUPER_RARE,珍贵,9900,1.00x,1x2,否,IS7,沉沦者的黑流树海,055,77,所有我方远程单位的攻击力+35%,所有我方远程单位的攻击力+35%,她行过刀山火海也不曾有一刻向奸邪低头，她枪口火舌焦灼好似怒阳，她头顶光芒炽烈几胜白昼。此处安葬着Outcast，我们的朋友。,选择【高台突破分队】完成游戏结局,,否,是,,rogue_6_relic_legacy_20,../../Assets/_Game/Resources/RogueRelics/Icons/rogue_6/rogue_6_relic_legacy_20.png
显圣吊坠,是,藏品,现有战斗系统可映射：攻击力→输出伤害,NORMAL,普通,1700,1.00x,1x1,否,IS7,沉沦者的黑流树海,053,78,所有我方远程单位的攻击力+15%,所有我方远程单位的攻击力+15%,信仰悬在你的心口上方十公分处，语言流入你的血液，子弹滑进你的弹仓。,,,否,是,,rogue_6_relic_legacy_18,../../Assets/_Game/Resources/RogueRelics/Icons/rogue_6/rogue_6_relic_legacy_18.png
难闻的治疗粉,是,收集品,无可直接映射的现有战斗效果,NORMAL,稀有,4000,1.60x,1x1,是,IS1,刻俄柏的灰蕈迷境,79,79,所有我方单位的生命+20%,,“干燥磨粉后的安德根与布洛克花可以用于外敷疗伤”——《罗德岛野外生存指南》,,,否,是,,relic_79,
难闻的止血剂,是,收集品,无可直接映射的现有战斗效果,NORMAL,普通,1700,1.45x,1x1,是,IS6,岁的界园志异,082,80,所有我方单位的生命+20%，【伺烛客】额外+10%,,“这种源石虫的体液经过发酵处理之后可以用于止血”——《罗德岛野外生存指南》,,,否,是,,rogue_5_relic_legacy_92,../../Assets/_Game/Resources/RogueRelics/Icons/rogue_5/rogue_5_relic_legacy_92.png
急救药箱,是,收集品,无可直接映射的现有战斗效果,RARE,稀有,3700,1.60x,1x1,否,IS7,沉沦者的黑流树海,078,81,所有我方单位的生命+35%,,“…抗生素与乙醇添加物，请在专业人士指导下使用…”——雷姆必拓安全生产指南,,,否,是,,rogue_6_relic_legacy_89,../../Assets/_Game/Resources/RogueRelics/Icons/rogue_6/rogue_6_relic_legacy_89.png
白垩色治疗针,是,收集品,无可直接映射的现有战斗效果,SUPER_RARE,绝世,21200,2.00x,2x1,否,IS1,刻俄柏的灰蕈迷境,82,82,所有我方单位的生命+50%,,“…提高个体细胞全能性，治愈一切伤痛不适…”——塞雷娅桌上的说明手册,,24,否,是,,relic_82,
便宜食用盐,是,藏品,现有战斗系统可映射：输出伤害,NORMAL,稀有,4300,1.00x,1x1,是,IS1,刻俄柏的灰蕈迷境,83,83,所有敌方单位受到的物理伤害+15%,所有敌方单位受到的物理伤害+15%,伤口上撒盐。,,,否,是,,relic_83,
辅助麻痹工具,是,藏品,现有战斗系统可映射：输出伤害,NORMAL,稀有,4300,1.00x,1x1,是,IS1,刻俄柏的灰蕈迷境,84,84,所有敌方单位受到的物理伤害+18%,所有敌方单位受到的物理伤害+18%,嘉维尔想通过“让病人痛到不能再痛”这种方法来止痛，这是不对的。,选择【堡垒战术分队】完成游戏结局,,否,是,,relic_84,
血腥链锯,是,藏品,现有战斗系统可映射：输出伤害,RARE,珍贵,9500,1.00x,1x1,是,IS1,刻俄柏的灰蕈迷境,85,85,所有敌方单位受到的物理伤害+25%,所有敌方单位受到的物理伤害+25%,像是从恐怖片里带出来的道具，很吓人。煌昨天拿来切西瓜了。,,,否,是,,relic_85,
另一颗铆钉,是,藏品,现有战斗系统可映射：输出伤害,SUPER_RARE,绝世,19000,1.00x,1x1,是,IS1,刻俄柏的灰蕈迷境,86,86,所有敌方单位受到的物理伤害+35%,所有敌方单位受到的物理伤害+35%,随处可见的铆钉。“朋友，你又弄得满手油污？你啥时候磨平了双角？你为什么身上长石头？你怎么一句话也不说？”,,,否,是,,relic_86,
活性粉尘,是,藏品,现有战斗系统可映射：输出伤害,NORMAL,稀有,4300,1.00x,1x1,是,IS1,刻俄柏的灰蕈迷境,87,87,所有敌方单位受到的法术伤害+20%,所有敌方单位受到的法术伤害+20%,泰拉源石工业生产中的废弃物，很危险，请妥善处置。阿——嚏。,,,否,是,,relic_87,
源石射灯,是,藏品,现有战斗系统可映射：输出伤害,NORMAL,稀有,4300,1.00x,1x1,否,IS1,刻俄柏的灰蕈迷境,88,88,所有敌方单位受到的法术伤害+23%,所有敌方单位受到的法术伤害+23%,通过激发源石活性而获得照明效果的射灯，直接照射对人体有损害。,？？？,,否,是,,relic_88,
源石环境发生器,是,藏品,现有战斗系统可映射：输出伤害,RARE,珍贵,9500,1.00x,1x1,是,IS1,刻俄柏的灰蕈迷境,89,89,所有敌方单位受到的法术伤害+30%,所有敌方单位受到的法术伤害+30%,通过提前布置源石晶体以确保法术小队完成任务，这种作战方式......,,,否,是,,relic_89,
无主的萨克斯,是,藏品,现有战斗系统可映射：输出伤害,SUPER_RARE,绝世,19700,1.00x,1x1,是,IS1,刻俄柏的灰蕈迷境,90,90,所有敌方单位受到的法术伤害+40%,所有敌方单位受到的法术伤害+40%,它的主人已死。有一位术师生前从未登上高塔，却能奏响整个天空。它等待，等待莱塔尼亚的一切技艺重归自由，它等待已久。,,,否,是,,relic_90,
“文明的存续”,是,藏品,现有战斗系统可映射：输出伤害,SUPER_RARE,绝世,20900,1.00x,1x1,是,IS7,沉沦者的黑流树海,231,91,所有敌方单位受到的真实伤害+150%,所有敌方单位受到的真实伤害+150%,小小的黑色王冠。,？？？,,否,是,,rogue_6_relic_legacy_11,../../Assets/_Game/Resources/RogueRelics/Icons/rogue_6/rogue_6_relic_legacy_11.png
手工小包,是,收集品,无可直接映射的现有战斗效果,NORMAL,普通,1700,1.45x,1x1,是,IS1,刻俄柏的灰蕈迷境,92,92,所有干员的初始技力+6,,巫恋和柏喙各自负责制作了其中一部分。,,,否,是,,relic_92,
*一点*加班费,是,收集品,无可直接映射的现有战斗效果,NORMAL,普通,1900,1.45x,2x1,否,IS1,刻俄柏的灰蕈迷境,93,93,所有干员的初始技力+8,,一小笔提升员工动力的成本费用，看得出来老板给得很不情愿，真的。所以这肯定不是企鹅物流的老板。,在目标生命值不小于15时通过第三层【千条道路】,,否,是,,relic_93,
可露希尔的怜悯,是,收集品,无可直接映射的现有战斗效果,RARE,珍贵,7700,1.80x,1x1,否,IS1,刻俄柏的灰蕈迷境,94,94,所有干员的初始技力+12,,资源富足的时期才会出现的梦幻票劵，这时候可露希尔甚至允许干员们在她的商店尽情挥霍。其实根本不够尽情挥霍。,,,否,是,,relic_94,
“日光灯”,是,收集品,无可直接映射的现有战斗效果,SUPER_RARE,珍贵,8500,1.80x,1x1,是,IS1,刻俄柏的灰蕈迷境,95,95,所有干员的初始技力+18,,我生下来就是拉特兰人。啊，不。我从会说话开始就是拉特兰人。,,,否,是,,relic_95,
香草沙士汽水,是,收集品,无可直接映射的现有战斗效果,NORMAL,普通,1000,1.45x,1x1,是,IS7,沉沦者的黑流树海,038,96,所有自然回复技能的技力恢复+0.2/秒,,玻利瓦尔本地的廉价饮料，拥有上百年历史，混合多种香料，特点是不好喝。,,,否,是,,rogue_6_relic_legacy_2,../../Assets/_Game/Resources/RogueRelics/Icons/rogue_6/rogue_6_relic_legacy_2.png
丰蹄能量饮料,是,收集品,无可直接映射的现有战斗效果,NORMAL,普通,1600,1.45x,1x1,是,IS1,刻俄柏的灰蕈迷境,97,97,所有自然回复技能的技力恢复+0.25/s,,“你以为拜松凭什么能骑自行车追上德克萨斯？”,选择【远程战术分队】完成游戏结局,,否,是,,relic_97,
辣椒老妈,是,收集品,无可直接映射的现有战斗效果,RARE,稀有,3800,1.60x,1x1,是,IS1,刻俄柏的灰蕈迷境,98,98,所有自然回复技能的技力恢复+0.35/s,,来自炎国某个西南移动城邦的特色饮料，口味辛辣，据说也是一种调料。,,,否,是,,relic_98,
脑力药片,是,收集品,无可直接映射的现有战斗效果,SUPER_RARE,珍贵,9100,1.80x,1x2,否,IS1,刻俄柏的灰蕈迷境,99,99,所有自然回复技能的技力恢复+0.5/s,,沙滩伞制药公司开发的新型醒脑剂，无副作用，薄荷口味，无糖。,,,否,是,,relic_99,
荒地龙舌兰,是,收集品,无可直接映射的现有战斗效果,NORMAL,普通,1300,1.45x,1x1,是,IS2,傀影与猩红孤钻,157,100,所有攻击和受击回复的技能每3.5秒回复1点技力,,原产自玻利瓦尔的廉价蒸馏酒，味道很冲，广受哥伦比亚拓荒者的好评。,,,否,是,,rogue_1_relic_q18,../../Assets/_Game/Resources/RogueRelics/Icons/rogue_1/rogue_1_relic_q18.png
摩根队长佳酿,是,收集品,无可直接映射的现有战斗效果,NORMAL,普通,1300,1.45x,1x1,是,IS7,沉沦者的黑流树海,081,101,初始技力+2，所有攻击和受击回复的技能每3秒回复1点技力,,一种产自伊比利亚地区的酒，在维多利亚中部城市大受欢迎，现已停产。,,,否,是,,rogue_6_relic_legacy_95,../../Assets/_Game/Resources/RogueRelics/Icons/rogue_6/rogue_6_relic_legacy_95.png
生命之水,是,收集品,无可直接映射的现有战斗效果,RARE,稀有,3300,1.60x,1x2,否,IS7,沉沦者的黑流树海,082,102,初始技力+3，所有攻击和受击回复的技能每2.5秒回复1点技力,,度数奇高的乌萨斯烈酒，上头，据说一个健康的乌萨斯人能干掉好几瓶。,,,否,是,,rogue_6_relic_legacy_96,../../Assets/_Game/Resources/RogueRelics/Icons/rogue_6/rogue_6_relic_legacy_96.png
皇家利口酒,是,收集品,无可直接映射的现有战斗效果,SUPER_RARE,珍贵,6700,1.80x,1x1,是,IS7,沉沦者的黑流树海,083,103,初始技力+5，所有攻击和受击回复的技能每1.5秒回复1点技力,,已灭亡国家“高卢”的好酒，现在成为了收藏家手中的珍惜奇货，价格不菲。产地现处莱塔尼亚境内，工艺则已经失传。,在多局游戏中累计击败领袖【德莱昂】2次,,否,是,,rogue_6_relic_legacy_97,../../Assets/_Game/Resources/RogueRelics/Icons/rogue_6/rogue_6_relic_legacy_97.png
钝爪-突破,是,收集品,部署系统（当前系统无对应）,NORMAL,稀有,4500,1.60x,1x1,是,IS6,岁的界园志异,154,104,所有【先锋】干员的部署费用-50%，生命+60%,,在波涛中插下顽石，分割巨浪，破开迷雾。,,,否,是,,rogue_5_relic_legacy_98,../../Assets/_Game/Resources/RogueRelics/Icons/rogue_5/rogue_5_relic_legacy_98.png
钝爪-典训,是,收集品,希望（当前系统无对应）,NORMAL,普通,1000,1.45x,1x1,是,IS6,岁的界园志异,016,105,立即进阶一个【先锋】干员（不消耗希望）,,一套强有力的装备，一颗勇往直前的心。,,,否,是,,rogue_5_relic_legacy_1,../../Assets/_Game/Resources/RogueRelics/Icons/rogue_5/rogue_5_relic_legacy_1.png
钝爪-爆发,是,藏品,现有战斗系统可映射：攻击力→输出伤害,NORMAL,普通,1700,1.00x,1x1,是,IS6,岁的界园志异,134,106,所有【先锋】干员的初始技力+10，攻击力+10%,所有【先锋】干员的初始技力+10，攻击力+10%,他已经把所有后续部队的事情都干完了，还要别人做什么？,,,否,是,,rogue_5_relic_legacy_55,../../Assets/_Game/Resources/RogueRelics/Icons/rogue_5/rogue_5_relic_legacy_55.png
钝爪-熟稔,是,收集品,无可直接映射的现有战斗效果,RARE,稀有,3700,1.60x,1x1,是,IS6,岁的界园志异,133,107,所有【先锋】干员的技力消耗-35%,,作为大部分时候最先进入战场的干员，你无法想象他们经历了多少。,,,否,是,,rogue_5_relic_legacy_54,../../Assets/_Game/Resources/RogueRelics/Icons/rogue_5/rogue_5_relic_legacy_54.png
钝爪-振奋,是,收集品,战斗效果当前未接入，避免新增系统,RARE,珍贵,8200,1.80x,1x1,是,IS2,傀影与猩红孤钻,096,108,所有【先锋】干员的再部署时间-50%,,只是战略性撤退而已，这样才好在贯穿敌人前看清他们长什么样。,在多局游戏中累计击败领袖【“遗弃者”】3次,,否,是,,rogue_1_relic_p04,../../Assets/_Game/Resources/RogueRelics/Icons/rogue_1/rogue_1_relic_p04.png
钝爪-百战,是,藏品,现有战斗系统可映射：攻击力→输出伤害,RARE,珍贵,10000,1.00x,1x1,是,IS7,沉沦者的黑流树海,144,109,战斗开始60秒内，所有【先锋】攻击力+100%，防御力+100%,战斗开始60秒内，所有【先锋】攻击力+100%，防御力+100%,“当黑漆漆的敌人向我涌来时，我脑海里只想到四个字——它们完了。”,,,否,是,,rogue_6_relic_legacy_65,../../Assets/_Game/Resources/RogueRelics/Icons/rogue_6/rogue_6_relic_legacy_65.png
折戟-突破,是,收集品,部署系统（当前系统无对应）,NORMAL,稀有,4200,1.60x,1x1,是,IS6,岁的界园志异,156,110,所有【近卫】干员的部署费用-3，生命+40%，获得15%物理闪避,,战士走入战场，战士拔出战刃，战士迎接战斗。,,,否,是,,rogue_5_relic_legacy_100,../../Assets/_Game/Resources/RogueRelics/Icons/rogue_5/rogue_5_relic_legacy_100.png
折戟-典训,是,收集品,希望（当前系统无对应）,NORMAL,普通,1100,1.45x,1x2,否,IS6,岁的界园志异,017,111,立即进阶一个【近卫】干员（不消耗希望）,,有的人用剑是因为他们不会用弩也不会用法术。而有的人用剑，是因为只有用剑的必要。,,,否,是,,rogue_5_relic_legacy_2,../../Assets/_Game/Resources/RogueRelics/Icons/rogue_5/rogue_5_relic_legacy_2.png
折戟-锋刃,是,藏品,现有战斗系统可映射：攻击力→输出伤害,NORMAL,普通,2100,1.00x,1x2,否,IS7,沉沦者的黑流树海,145,112,所有【近卫】干员的攻击力+25%,所有【近卫】干员的攻击力+25%,“这是你这个月砍坏的第七把刀了。”“但是我这个月砍了八个敌人。”,,,否,是,,rogue_6_relic_legacy_66,../../Assets/_Game/Resources/RogueRelics/Icons/rogue_6/rogue_6_relic_legacy_66.png
折戟-浴血,是,收集品,无可直接映射的现有战斗效果,SUPER_RARE,珍贵,6300,1.80x,1x1,是,IS7,沉沦者的黑流树海,146,113,所有【近卫】干员在攻击后获得2点技力,,愈战愈勇的战士十分少见，我们常需要安排一些心理辅导来缓和战后的情绪。,,,否,是,,rogue_6_relic_legacy_67,../../Assets/_Game/Resources/RogueRelics/Icons/rogue_6/rogue_6_relic_legacy_67.png
折戟-一夫当关,是,收集品,战斗效果当前未接入，避免新增系统,RARE,稀有,3500,1.60x,2x2,否,IS3,水月与深蓝之树,140,114,所有【近卫】干员的阻挡数+1,,并不是只有身穿重甲或是手持盾牌的人才擅长抵御敌人的攻击。迅速击溃有可能对你造成伤害的敌人才是最好的防守。,在多局游戏中累计击败领袖【塑路者】3次,,否,是,,rogue_2_relic_fight_54,../../Assets/_Game/Resources/RogueRelics/Icons/rogue_2/rogue_2_relic_fight_54.png
折戟-破釜沉舟,是,藏品,现有战斗系统可映射：攻击力→输出伤害,SUPER_RARE,绝世,19900,1.00x,1x1,是,IS6,岁的界园志异,137,115,所有【近卫】干员的防御力-40%，但攻击力+40%，攻击速度+30,所有【近卫】干员的防御力-40%，但攻击力+40%，攻击速度+30,不太建议向煌学习那些技巧。,,,否,是,,rogue_5_relic_legacy_58,../../Assets/_Game/Resources/RogueRelics/Icons/rogue_5/rogue_5_relic_legacy_58.png
铁卫-突破,是,收集品,部署系统（当前系统无对应）,NORMAL,稀有,5700,1.60x,2x2,否,IS6,岁的界园志异,155,116,所有【重装】干员的部署费用-6，生命+40%,,持盾者连成山脉，连成土地，他们对抗的不是血肉之敌，他们对抗命运，对抗不公。,,,否,是,,rogue_5_relic_legacy_99,../../Assets/_Game/Resources/RogueRelics/Icons/rogue_5/rogue_5_relic_legacy_99.png
铁卫-典训,是,收集品,希望（当前系统无对应）,NORMAL,普通,900,1.45x,1x1,是,IS6,岁的界园志异,018,117,立即进阶一个【重装】干员（不消耗希望）,,划痕是荣耀，但那些碎如齑粉的战士，谁来铭记？,,,否,是,,rogue_5_relic_legacy_3,../../Assets/_Game/Resources/RogueRelics/Icons/rogue_5/rogue_5_relic_legacy_3.png
铁卫-侵掠,是,藏品,现有战斗系统可映射：攻击力→输出伤害,NORMAL,稀有,4300,1.00x,1x1,是,IS7,沉沦者的黑流树海,147,118,所有【重装】干员的攻击力+60%,所有【重装】干员的攻击力+60%,对队友和战略目的的保护行动往往会让人忽视他们原本的侵略性。,,,否,是,,rogue_6_relic_legacy_68,../../Assets/_Game/Resources/RogueRelics/Icons/rogue_6/rogue_6_relic_legacy_68.png
铁卫-不动,是,收集品,战斗效果当前未接入，避免新增系统,RARE,珍贵,9400,1.80x,1x1,是,IS2,傀影与猩红孤钻,105,119,所有【重装】干员的防御力+25%，生命+50%,,“真有人能在那种规模的轰炸下一动不动？”“谁说一动不动的，他还往前挪了几步。”,,,否,是,,rogue_1_relic_p13,../../Assets/_Game/Resources/RogueRelics/Icons/rogue_1/rogue_1_relic_p13.png
铁卫-推进,是,收集品,敌人属性效果当前未接入（生命值除外）,RARE,珍贵,9700,1.80x,1x1,是,IS6,岁的界园志异,265,120,所有【重装】干员每2秒束缚自身附近所有敌人1秒，并造成相当于攻击力100%的真实伤害,,以放弃防守换取进攻的机会，毁灭的阵线向前迈进。,,,否,是,,rogue_5_relic_return_22,../../Assets/_Game/Resources/RogueRelics/Icons/rogue_5/rogue_5_relic_return_22.png
铁卫-无锋,是,收集品,无可直接映射的现有战斗效果,SUPER_RARE,珍贵,7400,1.80x,1x1,是,IS6,岁的界园志异,157,121,所有【重装】干员在受到攻击后获得2点技力，并且技力消耗-20%,,他们承受的每一次攻击，都将化作怒火数倍返还。,,,否,是,,rogue_5_relic_legacy_101,../../Assets/_Game/Resources/RogueRelics/Icons/rogue_5/rogue_5_relic_legacy_101.png
残弩-突破,是,收集品,部署系统（当前系统无对应）,NORMAL,稀有,4300,1.60x,1x1,是,IS7,沉沦者的黑流树海,149,122,所有【狙击】干员的部署费用-2，生命+60%,,上膛，瞄准，开火，毁灭如期而至。,,,否,是,,rogue_6_relic_legacy_70,../../Assets/_Game/Resources/RogueRelics/Icons/rogue_6/rogue_6_relic_legacy_70.png
残弩-百步穿杨,是,藏品,现有战斗系统可映射：攻击力→输出伤害,NORMAL,普通,1800,1.00x,1x1,是,IS6,岁的界园志异,140,123,所有【狙击】干员的攻击力+20%,所有【狙击】干员的攻击力+20%,在源石技艺尚不如今天发达的时代，炎国曾以“百步穿杨”的典故来称赞他人箭术高超。,,,否,是,,rogue_5_relic_legacy_61,../../Assets/_Game/Resources/RogueRelics/Icons/rogue_5/rogue_5_relic_legacy_61.png
残弩-典训,是,收集品,希望（当前系统无对应）,NORMAL,普通,1000,1.45x,1x1,是,IS6,岁的界园志异,019,124,立即进阶一个【狙击】干员（不消耗希望）,,“要么，你们控制点火力。要么，你们搞对目标，好吗？”,,,否,是,,rogue_5_relic_legacy_4,../../Assets/_Game/Resources/RogueRelics/Icons/rogue_5/rogue_5_relic_legacy_4.png
残弩-战场依存,是,收集品,无可直接映射的现有战斗效果,RARE,稀有,2400,1.60x,1x1,是,IS2,傀影与猩红孤钻,110,125,所有【狙击】干员的自然技力恢复+0.5/秒,,和武器越发亲密的狙击手，越不容易遭到武器的背叛。,,,否,是,,rogue_1_relic_p18,../../Assets/_Game/Resources/RogueRelics/Icons/rogue_1/rogue_1_relic_p18.png
残弩-交叉火力,是,藏品,现有战斗系统可映射：攻击力→输出伤害,RARE,珍贵,8100,1.00x,1x1,是,IS6,岁的界园志异,164,126,所有【狙击】干员的攻击力+40%,所有【狙击】干员的攻击力+40%,密集的火力网布置同时让狙击干员们暴露在危险之中，接下来是一场关于准星的博弈。,,,否,是,,rogue_5_relic_legacy_108,../../Assets/_Game/Resources/RogueRelics/Icons/rogue_5/rogue_5_relic_legacy_108.png
残弩-神速,是,收集品,战斗效果当前未接入，避免新增系统,SUPER_RARE,珍贵,8800,1.80x,1x2,否,IS7,沉沦者的黑流树海,150,127,所有【狙击】干员的攻击速度+70,,据说古维多利亚的传奇弓手可以让箭矢几乎连成一线。,,,否,是,,rogue_6_relic_legacy_71,../../Assets/_Game/Resources/RogueRelics/Icons/rogue_6/rogue_6_relic_legacy_71.png
断杖-突破,是,收集品,部署系统（当前系统无对应）,NORMAL,稀有,4900,1.60x,1x2,否,IS7,沉沦者的黑流树海,151,128,所有【术师】干员的部署费用-3，生命+60%,,让技艺在指尖起舞，呼风唤雨，搅乱现实，达成你宏伟的目的。,,,否,是,,rogue_6_relic_legacy_72,../../Assets/_Game/Resources/RogueRelics/Icons/rogue_6/rogue_6_relic_legacy_72.png
断杖-典训,是,收集品,希望（当前系统无对应）,NORMAL,普通,1100,1.45x,1x2,否,IS6,岁的界园志异,020,129,立即进阶一个【术师】干员（不消耗希望）,,“看过某些术师干员的‘表演’后，我选择默默收起那本莱塔尼亚教材。”,,,否,是,,rogue_5_relic_legacy_5,../../Assets/_Game/Resources/RogueRelics/Icons/rogue_5/rogue_5_relic_legacy_5.png
断杖-织法者,是,藏品,现有战斗系统可映射：攻击力→输出伤害,NORMAL,稀有,4600,1.00x,1x2,否,IS6,岁的界园志异,142,130,所有【术师】干员的攻击力+25%，攻击速度+25,所有【术师】干员的攻击力+25%，攻击速度+25,在莱塔尼亚仰望高塔的时候经常会看见一些奇怪的现象......甚至是天象。,,,否,是,,rogue_5_relic_legacy_63,../../Assets/_Game/Resources/RogueRelics/Icons/rogue_5/rogue_5_relic_legacy_63.png
断杖-咏唱,是,收集品,战斗效果当前未接入，避免新增系统,RARE,稀有,3900,1.60x,1x2,否,IS2,傀影与猩红孤钻,115,131,所有【术师】干员的攻击速度+40,,虽然音乐与法术有着奇妙的联系，呃，但这不是某些人五音不全的借口。,,,否,是,,rogue_1_relic_p23,../../Assets/_Game/Resources/RogueRelics/Icons/rogue_1/rogue_1_relic_p23.png
断杖-凝神,是,收集品,无可直接映射的现有战斗效果,RARE,稀有,2700,1.60x,1x2,否,IS6,岁的界园志异,143,132,所有【术师】干员的技力恢复+0.4/秒,,“当一个术师打算全力以赴，哪怕是天火小姐那种坏脾气术师，也会展露出截然不同的气质。”,,,否,是,,rogue_5_relic_legacy_64,../../Assets/_Game/Resources/RogueRelics/Icons/rogue_5/rogue_5_relic_legacy_64.png
断杖-苦难巫咒,是,藏品,现有战斗系统可映射：输出伤害,SUPER_RARE,绝世,20900,1.00x,1x2,否,IS6,岁的界园志异,165,133,所有【术师】干员造成的法术伤害+70%,所有【术师】干员造成的法术伤害+70%,萨卡兹接触源石的起源几乎无从考证，古老法术的起点早已脱离物质现实与逻辑常理。,,,否,是,,rogue_5_relic_legacy_109,../../Assets/_Game/Resources/RogueRelics/Icons/rogue_5/rogue_5_relic_legacy_109.png
支柱-突破,是,收集品,部署系统（当前系统无对应）,NORMAL,稀有,4200,1.60x,1x1,是,IS7,沉沦者的黑流树海,157,134,所有【辅助】干员的部署费用-2，生命+60%,,当“差一点完成任务”的时候，你需要的正是那个帮你补上“差一点”的人。,,,否,是,,rogue_6_relic_legacy_78,../../Assets/_Game/Resources/RogueRelics/Icons/rogue_6/rogue_6_relic_legacy_78.png
支柱-典训,是,收集品,希望（当前系统无对应）,NORMAL,普通,900,1.45x,1x1,是,IS6,岁的界园志异,021,135,立即进阶一个【辅助】干员（不消耗希望）,,他们行动的时候总是五花八门的。,,,否,是,,rogue_5_relic_legacy_6,../../Assets/_Game/Resources/RogueRelics/Icons/rogue_5/rogue_5_relic_legacy_6.png
支柱-次要战场,是,藏品,现有战斗系统可映射：攻击力→输出伤害,NORMAL,稀有,4200,1.00x,1x1,是,IS2,傀影与猩红孤钻,119,136,所有【辅助】干员的【召唤物】攻击力+50%,所有【辅助】干员的【召唤物】攻击力+50%,“呃，机械和源石技艺衍生物我尚且能理解，但是不是有些别的......”,在多局游戏中累计进入事件【讲故事的人】2次,,否,是,,rogue_1_relic_p27,../../Assets/_Game/Resources/RogueRelics/Icons/rogue_1/rogue_1_relic_p27.png
支柱-勤奋,是,收集品,无可直接映射的现有战斗效果,SUPER_RARE,珍贵,8400,1.80x,1x1,是,IS7,沉沦者的黑流树海,159,137,所有【辅助】干员的技力消耗-40%,,即使是看似最微小的工作，干员们也会全力以赴。何况事实上，一点也不微小。,,,否,是,,rogue_6_relic_legacy_80,../../Assets/_Game/Resources/RogueRelics/Icons/rogue_6/rogue_6_relic_legacy_80.png
支柱-破兵,是,收集品,敌人属性效果当前未接入（生命值除外）,RARE,稀有,3300,1.60x,1x1,是,IS2,傀影与猩红孤钻,121,138,所有【辅助】干员攻击范围内的敌方单位攻击力-15%,,削弱敌人的伤害有很多手段：腐蚀兵器，摧残精神，加大重力，以及......让他们肚子疼。,在多局游戏中累计进入事件【讲故事的人】8次,,否,是,,rogue_1_relic_p29,../../Assets/_Game/Resources/RogueRelics/Icons/rogue_1/rogue_1_relic_p29.png
支柱-枯法,是,收集品,敌人属性效果当前未接入（生命值除外）,RARE,珍贵,12500,1.80x,2x2,否,IS6,岁的界园志异,152,139,所有【辅助】干员攻击范围内的敌方单位防御力-30%，法术抗性-30%,,弱化敌人的防御有很多手段：立场装置，法术彻甲，弱点标记，以及......让他们肚子疼。,,,否,是,,rogue_5_relic_legacy_96,../../Assets/_Game/Resources/RogueRelics/Icons/rogue_5/rogue_5_relic_legacy_96.png
医者-突破,是,收集品,部署系统（当前系统无对应）,NORMAL,稀有,4200,1.60x,1x1,是,IS6,岁的界园志异,162,140,所有【医疗】干员的部署费用-2，生命+60%,,拯救是人类必须赞许的美德，是这一切得以存续的仰仗。,,,否,是,,rogue_5_relic_legacy_106,../../Assets/_Game/Resources/RogueRelics/Icons/rogue_5/rogue_5_relic_legacy_106.png
医者-典训,是,收集品,希望（当前系统无对应）,NORMAL,普通,1000,1.45x,1x1,是,IS6,岁的界园志异,022,141,立即进阶一个【医疗】干员（不消耗希望）,,直到所有人都是医生，都能根治名为生活的病灶，直到那一刻我们才不需要医生。,,,否,是,,rogue_5_relic_legacy_7,../../Assets/_Game/Resources/RogueRelics/Icons/rogue_5/rogue_5_relic_legacy_7.png
医者-自医,是,收集品,无可直接映射的现有战斗效果,RARE,稀有,2300,1.60x,1x1,否,IS7,沉沦者的黑流树海,153,142,所有【医疗】干员的技力恢复+0.3/秒,,谁说医者不能自医，他们只是选择给自己来一片提神药然后继续帮助别人而已。,,,否,是,,rogue_6_relic_legacy_74,../../Assets/_Game/Resources/RogueRelics/Icons/rogue_6/rogue_6_relic_legacy_74.png
医者-强效试剂,是,藏品,现有战斗系统可映射：攻击力→输出伤害,RARE,珍贵,8100,1.00x,1x1,是,IS2,傀影与猩红孤钻,125,143,所有【医疗】干员的攻击力+40%,所有【医疗】干员的攻击力+40%,除了华法琳，没人敢采取这么激进的医疗手段，不过她从没失误过一次。,,,否,是,,rogue_1_relic_p33,../../Assets/_Game/Resources/RogueRelics/Icons/rogue_1/rogue_1_relic_p33.png
医者-妙手,是,收集品,战斗效果当前未接入，避免新增系统,SUPER_RARE,珍贵,7800,1.80x,1x1,是,IS7,沉沦者的黑流树海,154,144,所有【医疗】干员的攻击速度+70,,比起从死亡手里多抢回一条命的伟业，事后昏睡个三天算什么？,,,否,是,,rogue_6_relic_legacy_75,../../Assets/_Game/Resources/RogueRelics/Icons/rogue_6/rogue_6_relic_legacy_75.png
医者-理智固剂,是,收集品,无可直接映射的现有战斗效果,SUPER_RARE,珍贵,5500,1.80x,1x1,是,IS2,傀影与猩红孤钻,127,145,所有【医疗】干员攻击范围内的我方单位获得抵抗,,加固你的思维，让你脑中帝国疆域上的每株杂草都无懈可击。,在多局游戏中累计进入事件【扎营】16次,,否,是,,rogue_1_relic_p35,../../Assets/_Game/Resources/RogueRelics/Icons/rogue_1/rogue_1_relic_p35.png
锈刃-突破,是,收集品,部署系统（当前系统无对应）,NORMAL,稀有,4300,1.60x,1x1,是,IS7,沉沦者的黑流树海,155,146,所有【特种】干员的部署费用-3，生命+60%,,手段有很多，结局却只有一种。,,,否,是,,rogue_6_relic_legacy_76,../../Assets/_Game/Resources/RogueRelics/Icons/rogue_6/rogue_6_relic_legacy_76.png
锈刃-典训,是,收集品,希望（当前系统无对应）,NORMAL,普通,1000,1.45x,1x1,是,IS6,岁的界园志异,023,147,立即进阶一个【特种】干员（不消耗希望）,,在与特种干员们进行实战练习的时候，请做好充足的“没做好准备就被打了”的准备。,,,否,是,,rogue_5_relic_legacy_8,../../Assets/_Game/Resources/RogueRelics/Icons/rogue_5/rogue_5_relic_legacy_8.png
锈刃-处决,是,收集品,战斗效果当前未接入，避免新增系统,NORMAL,普通,1700,1.45x,1x2,否,IS2,傀影与猩红孤钻,129,148,所有【特种】干员的攻击速度+30,,红有一把小刀。她有一把小刀。,在多局游戏中累计进入事件【善良的木偶】2次,,否,是,,rogue_1_relic_p37,../../Assets/_Game/Resources/RogueRelics/Icons/rogue_1/rogue_1_relic_p37.png
锈刃-单兵,是,藏品,现有战斗系统可映射：攻击力→输出伤害,RARE,珍贵,9500,1.00x,1x1,是,IS3,水月与深蓝之树,165,149,所有【特种】干员的攻击力+40%，防御力+40%,所有【特种】干员的攻击力+40%，防御力+40%,S.W.E.E.P.的总管没有任何任务参与记录。*没有*。,,,否,是,,rogue_2_relic_fight_78,../../Assets/_Game/Resources/RogueRelics/Icons/rogue_2/rogue_2_relic_fight_78.png
锈刃-无人之境,是,收集品,战斗效果当前未接入，避免新增系统,RARE,稀有,3700,1.60x,1x1,是,IS2,傀影与猩红孤钻,131,150,所有【特种】干员的再部署时间-35%,,部分干员的作战方式很特殊，无论见到他们“好几次”还是“好几个”，都不要大惊小怪。,在多局游戏中累计进入事件【善良的木偶】8次,,否,是,,rogue_1_relic_p39,../../Assets/_Game/Resources/RogueRelics/Icons/rogue_1/rogue_1_relic_p39.png
锈刃-神力,是,收集品,无可直接映射的现有战斗效果,SUPER_RARE,珍贵,6400,1.80x,1x1,是,IS3,水月与深蓝之树,167,151,所有【特种】干员的力度+2,,地形是作战的一环......只能说这么多了。,在多局游戏中累计进入事件【先遣小队】6次,,否,是,,rogue_2_relic_fight_80,../../Assets/_Game/Resources/RogueRelics/Icons/rogue_2/rogue_2_relic_fight_80.png
突击协议-利刃,是,藏品,现有战斗系统可映射：攻击力→输出伤害,NORMAL,普通,2200,1.00x,2x2,否,IS5,萨卡兹的无终奇语,059,152,战斗编队中每有一名先锋和近卫干员，所有先锋和近卫干员的攻击力+8%,战斗编队中每有一名先锋和近卫干员，所有先锋和近卫干员的攻击力+8%,用最锋利的矛攻击最坚硬的盾，最后的结果肯定是盾碎了，相信我。,,,否,是,,rogue_4_relic_legacy_1,../../Assets/_Game/Resources/RogueRelics/Icons/rogue_4/rogue_4_relic_legacy_1.png
突击协议-散兵,是,收集品,携带/编队（当前系统无对应）,NORMAL,普通,1400,1.45x,1x1,是,IS5,萨卡兹的无终奇语,060,153,战斗编队中每有一名先锋和近卫干员，所有先锋和近卫干员的防御力+10%,,精巧的格挡技术才是保护自己身体的真髓。,,,否,是,,rogue_4_relic_legacy_2,../../Assets/_Game/Resources/RogueRelics/Icons/rogue_4/rogue_4_relic_legacy_2.png
堡垒协议-方阵,是,藏品,现有战斗系统可映射：攻击力→输出伤害,NORMAL,普通,1600,1.00x,1x1,是,IS5,萨卡兹的无终奇语,061,154,战斗编队中每有一名重装和辅助干员，所有重装和辅助干员的攻击力+8%,战斗编队中每有一名重装和辅助干员，所有重装和辅助干员的攻击力+8%,如同巨舰碾过碎石。,,,否,是,,rogue_4_relic_legacy_3,../../Assets/_Game/Resources/RogueRelics/Icons/rogue_4/rogue_4_relic_legacy_3.png
堡垒协议-固守,是,收集品,携带/编队（当前系统无对应）,NORMAL,普通,2100,1.45x,2x2,否,IS5,萨卡兹的无终奇语,062,155,战斗编队中每有一名重装和辅助干员，所有重装和辅助干员的防御力+10%,,用最锋利的矛攻击最坚硬的盾，最后的结果肯定是矛断了，相信我。,,,否,是,,rogue_4_relic_legacy_4,../../Assets/_Game/Resources/RogueRelics/Icons/rogue_4/rogue_4_relic_legacy_4.png
远程协议-遥击,是,藏品,现有战斗系统可映射：攻击力→输出伤害,NORMAL,普通,1600,1.00x,1x1,是,IS5,萨卡兹的无终奇语,063,156,战斗编队中每有一名医疗和狙击干员，所有医疗和狙击干员的攻击力+8%,战斗编队中每有一名医疗和狙击干员，所有医疗和狙击干员的攻击力+8%,能保持距离解决的问题，为什么要凑脸上去？,,,否,是,,rogue_4_relic_legacy_5,../../Assets/_Game/Resources/RogueRelics/Icons/rogue_4/rogue_4_relic_legacy_5.png
远程协议-克敌,是,收集品,携带/编队（当前系统无对应）,NORMAL,普通,1300,1.45x,1x1,是,IS5,萨卡兹的无终奇语,064,157,战斗编队中每有一名医疗和狙击干员，所有医疗和狙击干员的攻击速度+6,,距离太远分不清敌我？那就先射一轮，没躲开的就是敌人。,,,否,是,,rogue_4_relic_legacy_6,../../Assets/_Game/Resources/RogueRelics/Icons/rogue_4/rogue_4_relic_legacy_6.png
破坏协议-消除,是,藏品,现有战斗系统可映射：攻击力→输出伤害,NORMAL,普通,1600,1.00x,1x1,是,IS5,萨卡兹的无终奇语,065,158,战斗编队中每有一名术师和特种干员，所有术师和特种干员的攻击力+8%,战斗编队中每有一名术师和特种干员，所有术师和特种干员的攻击力+8%,外部的毁灭与内部的瓦解。,,,否,是,,rogue_4_relic_legacy_7,../../Assets/_Game/Resources/RogueRelics/Icons/rogue_4/rogue_4_relic_legacy_7.png
破坏协议-压制,是,收集品,携带/编队（当前系统无对应）,NORMAL,普通,1300,1.45x,1x1,是,IS5,萨卡兹的无终奇语,066,159,战斗编队中每有一名术师和特种干员，所有术师和特种干员的攻击速度+6,,不要在乎打得准不准，只要打得多，就是打得准！,,,否,是,,rogue_4_relic_legacy_8,../../Assets/_Game/Resources/RogueRelics/Icons/rogue_4/rogue_4_relic_legacy_8.png
迷幻的藏宝图,是,收集品,希望（当前系统无对应）,SUPER_RARE,珍贵,8000,1.80x,1x1,是,IS1,刻俄柏的灰蕈迷境,160,160,立即获得源石锭+2，希望+1,,有人把他梦中看见的名字写在了这张藏宝图上，依坐标来看这座“城市”好像是一片芭蕉树林？,完成游戏结局,,否,是,,relic_160,
染血的传单,是,收集品,局内货币（改为卖钱物）,SUPER_RARE,珍贵,8600,1.80x,1x1,否,IS1,刻俄柏的灰蕈迷境,161,161,立即获得源石锭+22，并让探险走向不同的结局,,满是童话和儿歌中才会出现的物品和地点，糖果城堡的彼端，甜蜜的风车男孩，这意味着什么？,完成游戏结局,,否,是,,relic_161,
辉煌工匠包,是,藏品,现有战斗系统可映射：攻击力→输出伤害,SUPER_RARE,绝世,16300,1.00x,1x1,否,IS1,刻俄柏的灰蕈迷境,162,162,所有近卫和狙击干员的攻击力+16%，所有辅助和术师干员的攻击力-8%,所有近卫和狙击干员的攻击力+16%，所有辅助和术师干员的攻击力-8%,只有喝闷酒的时候，Mechanist才会想起自己有血有肉，而非某种物理性质的化身。,,,否,是,,relic_162,
Logos的骨笔,是,藏品,现有战斗系统可映射：攻击力→输出伤害,SUPER_RARE,绝世,16500,1.00x,1x1,否,IS1,刻俄柏的灰蕈迷境,163,163,所有辅助和术师干员的攻击力+16%，所有近卫和狙击干员的攻击力-8%,所有辅助和术师干员的攻击力+16%，所有近卫和狙击干员的攻击力-8%,这个神经质的萨卡兹咒术大师落笔的每一划都属于源石技艺的范畴。观看是禁忌。查阅是禁忌。理解是禁忌。,,,否,是,,relic_163,
无限续杯瓶,是,收集品,希望（当前系统无对应）,SUPER_RARE,珍贵,9100,1.80x,1x2,否,IS1,刻俄柏的灰蕈迷境,164,164,每进入一个非战斗节点，获得希望+1,,只要把水倒进去，这个杯子就会产生无限的气泡快乐水，这简直是天才般的发明！你从来没有见过这种东西。,,,否,是,,relic_164,
左半边椰子壳,是,藏品,现有战斗系统可映射：攻击力→输出伤害,SUPER_RARE,绝世,15700,1.00x,1x1,否,IS1,刻俄柏的灰蕈迷境,165,165,所有干员的部署费用+6，但攻击力、防御力和生命值+8%,所有干员的部署费用+6，但攻击力、防御力和生命值+8%,椰子壳上用工整的印刷体写着“战斗啊，朋友，如果不能直面生活的苦难，生命本身将失去意义。”,,,否,是,,relic_165,
右半边椰子壳,是,收集品,战斗效果当前未接入，避免新增系统,SUPER_RARE,绝世,23500,2.00x,1x1,是,IS1,刻俄柏的灰蕈迷境,166,166,所有干员的生命值-35%，但再部署时间-50%,,椰子壳上用工整的印刷体写着“逃避是一种处事的手段，熟练使用逃避的技巧是通往成功路线的一条捷径。”,,9,否,是,,relic_166,
倒转的怀表,是,收集品,敌人属性效果当前未接入（生命值除外）,SUPER_RARE,珍贵,8400,1.80x,1x1,是,IS1,刻俄柏的灰蕈迷境,167,167,所有敌方单位的攻击速度-15,,一个锈迹斑斑，材质不明而且倒着转的怀表，你没有找到上发条的地方，也不知道怎么拆开他，非常古怪。,,,否,是,,relic_167,
“手铳”,是,藏品,现有战斗系统可映射：攻击力→输出伤害,SUPER_RARE,绝世,15100,1.00x,1x1,是,IS1,刻俄柏的灰蕈迷境,168,168,所有我方单位的部署费用-3，攻击力、防御力、生命值+5%，并让探险走向不同的结局,所有我方单位的部署费用-3，攻击力、防御力、生命值+5%，并让探险走向不同的结局,已经白骨化的断手紧握着这把大口径火铳，它属于谁？断手的主人还好么？这背后到底发生了什么？,？？？,,否,是,,relic_168,
沉重的铁皮箱,是,收集品,部署系统（当前系统无对应）,SUPER_RARE,珍贵,8000,1.80x,1x1,是,IS1,刻俄柏的灰蕈迷境,169,169,所有我方单位的部署费用+2,,这个厚实，沉重的铁皮箱严重影响了你的行程，但是不知为何你不想丢弃它，或许你太想知道里面装了什么。,？？？,,否,是,,relic_169,
漆黑的钥匙,是,藏品,现有战斗系统可映射：攻击力→输出伤害,SUPER_RARE,绝世,14300,1.00x,1x1,否,IS1,刻俄柏的灰蕈迷境,170,170,所有我方单位的攻击力、防御力、生命值+3%,所有我方单位的攻击力、防御力、生命值+3%,你非常惊讶，这把造型精妙的钥匙是用源石制成的，什么样的加工技术才能如此精妙地打造一把钥匙？,？？？,,否,是,,relic_170,
鸟卜探索仪,是,收集品,部署系统（当前系统无对应）,RARE,稀有,5400,1.60x,2x2,否,IS1,刻俄柏的灰蕈迷境,171,171,可同时部署人数+2,,哥伦比亚某个神秘学会制造的特殊仪器，这个用源石结晶制成的球形设备可以探测周围数十米内的地貌，非常神奇。,,,否,是,,relic_171,
超高级沙发,是,收集品,携带/编队（当前系统无对应）,RARE,稀有,3800,1.60x,1x1,是,IS1,刻俄柏的灰蕈迷境,172,172,可携带干员+1，可同时部署人数+1,,“全泰拉最舒服的沙发”、“躺在上面会让你忘却人生的烦恼”、“休闲旅行必备”......这广告词浮夸得可疑。,在多局游戏中累计招募总共90名干员（初始不计算）,,否,是,,relic_172,
立体投影仪,是,收集品,目标生命资源（当前系统无对应）,NORMAL,普通,1700,1.45x,1x1,是,IS1,刻俄柏的灰蕈迷境,173,173,立即获得目标生命+6,,这台投影仪会生成一个虚假的人形幻影，不仔细看根本无法辨别，可以很好地误导敌人，但是别拿来恶作剧......,,,否,是,,relic_173,
一台旧冰箱,是,收集品,目标生命资源（当前系统无对应）,NORMAL,普通,1700,1.45x,1x1,是,IS1,刻俄柏的灰蕈迷境,174,174,立即获得目标生命+6,,一台没有动力，不能制冷的旧冰箱，但是躲在里面可以躲避很多危险，甚至可以防御最危险的源石炸弹，电影里都是这么演的。,,,否,是,,relic_174,
个人避难所,是,收集品,目标生命资源（当前系统无对应）,RARE,珍贵,7500,1.80x,1x1,是,IS1,刻俄柏的灰蕈迷境,175,175,立即获得目标生命+8,,哥伦比亚的科技公司“约翰老妈”提供给拓荒者的个人防护掩体，然而拓荒者要是有钱买这个就不会去当拓荒者了......,,,否,是,,relic_175,
虚空发生器,是,收集品,目标生命资源（当前系统无对应）,SUPER_RARE,珍贵,11700,1.80x,2x2,否,IS1,刻俄柏的灰蕈迷境,176,176,立即获得目标生命+10,,罗德岛库房里来历不明的神秘设备之一，不需要源石供能，启动之后会在使用者周围生成一片不可见的防御立场。,,,否,是,,relic_176,
热水壶,是,收集品,目标生命资源（当前系统无对应）,NORMAL,普通,1200,1.45x,1x1,是,IS7,沉沦者的黑流树海,014,177,目标生命上限+2，希望+2,,罗德岛办公室里的同款热水壶，有人经常大半夜用热水壶煮速食面吃，这种生活习惯不是很健康......,,,否,是,,rogue_6_relic_legacy_1,../../Assets/_Game/Resources/RogueRelics/Icons/rogue_6/rogue_6_relic_legacy_1.png
“坏家伙”来了！,是,藏品,现有战斗系统可映射：攻击力→输出伤害,SUPER_RARE,绝世,23900,1.00x,1x1,是,IS1,刻俄柏的灰蕈迷境,178,178,所有我方单位的攻击力和防御力+35%，生命值+45%,所有我方单位的攻击力和防御力+35%，生命值+45%,这台集合了罗德岛所有精锐技术为一身的运输飞行器为你提供一切保障，保证你的旅途犹如野外春游般顺畅。,,,否,是,,relic_178,
鬼血,是,收集品,敌人属性效果当前未接入（生命值除外）,SUPER_RARE,绝世,15100,2.00x,1x2,否,IS1,刻俄柏的灰蕈迷境,179,179,所有敌方单位的攻击力、防御力、生命值+20%,,某支血脉的血液，加上一点独特的源石技艺产物，仅仅是打开瓶盖就足以成为引发流血事件的元凶。,完成游戏结局,,否,是,,relic_179,
冰封的异爪,是,收集品,敌人属性效果当前未接入（生命值除外）,SUPER_RARE,绝世,21700,2.00x,1x1,是,IS1,刻俄柏的灰蕈迷境,180,180,所有敌方单位的攻击力、防御力、生命值+12%，且所有BOSS单位还会攻击力、防御力+16%，生命值+36%,,即使麦哲伦这样的探险家一代又一代向着这片纯白的大地发起挑战，这处亘古不变的冰原依旧有无数未解之谜......以及可怖之物。,完成游戏结局,16,否,是,,relic_180,
巫王旋角,是,收集品,敌人属性效果当前未接入（生命值除外）,SUPER_RARE,珍贵,8700,1.80x,1x1,是,IS1,刻俄柏的灰蕈迷境,181,181,所有敌方单位的攻击力、防御力、生命值+12%，且每进入一个新节点后，失去1目标生命（最多降至1）,,呵，伟大的巫王！你的阴影笼罩着大地！你的腐败浸没了高塔！你死了，你的法术随之散逸，莱塔尼亚不会再畏惧你！,完成游戏结局,,否,是,,relic_181,
浅海轻唱,是,收集品,敌人属性效果当前未接入（生命值除外）,SUPER_RARE,珍贵,8600,1.80x,1x1,是,IS1,刻俄柏的灰蕈迷境,182,182,所有敌方单位的攻击力、防御力、生命值+8%，且招募4星以上干员时希望消耗+1,,伊比利亚的临海断崖上常见的鲜花，但唯独这一朵沾染了违背常理的颜色。只听它呢喃呓语，拒绝希望，就连花草也坠入疯狂。,完成游戏结局,,否,是,,relic_182,
后勤分队,是,收集品,希望（当前系统无对应）,BORN,稀有,3200,1.60x,1x1,是,IS1,刻俄柏的灰蕈迷境,999,999,初始源石锭+20，初始希望+2,,,在多局游戏中累计获得150源石锭,,否,是,,relic_b3,
堡垒战术分队,是,收集品,招募/进阶（当前系统无对应）,BORN,普通,1200,1.45x,1x1,是,IS1,刻俄柏的灰蕈迷境,999,999,招募4星以上的【重装】【辅助】干员时直接就是已进阶的状态,,,拥有合计至少5名重装或辅助干员完成游戏结局,,否,是,,relic_b6,
指挥分队,是,收集品,目标生命资源（当前系统无对应）,BORN,普通,1200,1.45x,1x1,是,IS1,刻俄柏的灰蕈迷境,999,999,每场战斗获得4点临时目标生命值,,,,,否,是,,relic_b1,
矛头分队,是,藏品,现有战斗系统可映射：攻击力→输出伤害,BORN,稀有,4100,1.00x,1x1,是,IS1,刻俄柏的灰蕈迷境,999,999,初始目标生命值变为1，所有干员的攻击力+15%，生命值+15%,初始目标生命值变为1，所有干员的攻击力+15%，生命值+15%,,剩余10点以上目标生命时完成游戏结局,,否,是,,relic_b4,
破坏战术分队,是,收集品,招募/进阶（当前系统无对应）,BORN,普通,1300,1.45x,1x1,是,IS1,刻俄柏的灰蕈迷境,999,999,招募4星以上的【术师】【特种】干员时直接就是已进阶的状态,,,拥有合计至少5名特种或术师干员完成游戏结局,,否,是,,relic_b8,
突击战术分队,是,收集品,招募/进阶（当前系统无对应）,BORN,普通,1300,1.45x,1x1,是,IS1,刻俄柏的灰蕈迷境,999,999,招募4星以上的【先锋】【近卫】干员时直接就是已进阶的状态,,,拥有合计至少5名先锋或近卫干员完成游戏结局,,否,是,,relic_b5,
远程战术分队,是,收集品,招募/进阶（当前系统无对应）,BORN,普通,1300,1.45x,1x1,是,IS1,刻俄柏的灰蕈迷境,999,999,招募4星以上的【医疗】【狙击】干员时直接就是已进阶的状态,,,拥有合计至少5名医疗或狙击干员完成游戏结局,,否,是,,relic_b7,
集群分队,是,收集品,携带/编队（当前系统无对应）,BORN,普通,1200,1.45x,1x1,是,IS1,刻俄柏的灰蕈迷境,999,999,可携带干员+2，可同时部署人数+2,,,通过第三层【千条道路】,,否,是,,relic_b2,
